{"id":"23cb1144-1538-4fb4-89b8-da887346563a","alias":"CheckPermissionsWebPart","componentType":"WebPart","version":"0.0.1","manifestVersion":2,"requiresCustomScript":false,"preconfiguredEntries":[{"groupId":"5c03119e-3074-46fd-976b-c60198311f70","group":{"default":"Other"},"title":{"default":"checkPermissions"},"description":{"default":"checkPermissions description"},"officeFabricIconFontName":"Page","properties":{"description":"checkPermissions"}}],"loaderConfig":{"entryModuleId":"check-permissions-web-part","internalModuleBaseUrls":["https://robertwalters.sharepoint.com/sites/moderntest/SiteAssets/WebParts/checkPermissions/"],"scriptResources":{"check-permissions-web-part":{"type":"path","path":"check-permissions-web-part_14ed053e5cb8c2cf13400b6c10e2e30b.js"},"CheckPermissionsWebPartStrings":{"defaultPath":"checkpermissions-checkpermissionswebpartstrings_en-us_536e65149b0acf4d52c0043073b9fc59.js","type":"localizedPath","paths":{}},"react":{"type":"component","version":"16.3.2","id":"0d910c1c-13b9-4e1c-9aa4-b008c5e42d7d"},"react-dom":{"type":"component","version":"16.3.2","id":"aa0a46ec-1505-43cd-a44a-93f3a5aa460a"},"@microsoft/sp-core-library":{"type":"component","version":"1.7.0","id":"7263c7d0-1d6a-45ec-8d85-d4d1d234171b"},"@microsoft/sp-webpart-base":{"type":"component","version":"1.7.0","id":"974a7777-0990-4136-8fa6-95d80114c2e0"}}}}